book,full_name,first_name
The Last Wish,Abergard,Abergard
The Last Wish,"Abrad ""Jack-up-the-Skirt""",Abrad
The Last Wish,Adda of Temeria,Adda
The Last Wish,Adda the White,Adda
The Last Wish,Aen Saevherne,Aen
The Last Wish,Akerspaark,Akerspaark
The Last Wish,Aridea,Aridea
The Last Wish,Arthur Tailles,Arthur
The Last Wish,Audoen,Audoen
The Last Wish,Beau Berrant,Beau
The Last Wish,Bernika,Bernika
The Last Wish,Borg,Borg
The Last Wish,Bran Tuirseach,Bran
The Last Wish,Butcher of Blaviken,Butcher
The Last Wish,Calanthe,Calanthe
The Last Wish,Caldemeyn,Caldemeyn
The Last Wish,Carrypebble,Carrypebble
The Last Wish,Centurion (innkeeper),Centurion
The Last Wish,Cerberus,Cerberus
The Last Wish,Cerro,Cerro
The Last Wish,Chireadan,Chireadan
The Last Wish,Civril,Civril
The Last Wish,Crach an Craite,Crach
The Last Wish,Crach's mother,Crach
The Last Wish,Dalimira,Dalimira
The Last Wish,Dandelion,Dandelion
The Last Wish,Dennis Cranmer,Dennis
The Last Wish,Dezmod,Dezmod
The Last Wish,Dhun,Dhun
The Last Wish,Dragomir,Dragomir
The Last Wish,Draig Bon-Dhu,Draig
The Last Wish,Drogodar,Drogodar
The Last Wish,Eist Tuirseach,Eist
The Last Wish,Eltibald,Eltibald
The Last Wish,Emhyr var Emreis,Emhyr
The Last Wish,Ermellia,Ermellia
The Last Wish,Errdil,Errdil
The Last Wish,Eskel,Eskel
The Last Wish,Ethain,Ethain
The Last Wish,Evermir,Evermir
The Last Wish,Eylembert of Tigg,Eylembert
The Last Wish,Falwick,Falwick
The Last Wish,Fenne,Fenne
The Last Wish,Fialka,Fialka
The Last Wish,Fifteen,Fifteen
The Last Wish,Filavandrel aén Fidháil,Filavandrel
The Last Wish,Fodcat,Fodcat
The Last Wish,Foltest,Foltest
The Last Wish,Fredefalk Vellga,Fredefalk
The Last Wish,Galarr,Galarr
The Last Wish,Geoffrey Monck,Geoffrey
The Last Wish,Geralt of Rivia,Geralt
The Last Wish,Glutton,Glutton
The Last Wish,Haxo,Haxo
The Last Wish,Herbert Stammelford,Herbert
The Last Wish,Hereward,Hereward
The Last Wish,Heribert,Heribert
The Last Wish,Idi,Idi
The Last Wish,Ilka,Ilka
The Last Wish,Iola,Iola
The Last Wish,Irion,Irion
The Last Wish,Karelka,Karelka
The Last Wish,Krepp,Krepp
The Last Wish,Laurelnose,Laurelnose
The Last Wish,Lebioda,Lebioda
The Last Wish,Lenka,Lenka
The Last Wish,Libushe,Libushe
The Last Wish,Lille,Lille
The Last Wish,Lord Strept,Lord
The Last Wish,Mad Deï,Mad
The Last Wish,Marilka,Marilka
The Last Wish,Medell,Medell
The Last Wish,Mousesack,Mousesack
The Last Wish,Nan the Hag,Nan
The Last Wish,Nenneke,Nenneke
The Last Wish,Nettly,Nettly
The Last Wish,Neville,Neville
The Last Wish,Nimir,Nimir
The Last Wish,Nivellen,Nivellen
The Last Wish,Nohorn,Nohorn
The Last Wish,Ostrit,Ostrit
The Last Wish,Pavetta,Pavetta
The Last Wish,Primula,Primula
The Last Wish,Rainfarn,Rainfarn
The Last Wish,Ravix of Fourhorn,Ravix
The Last Wish,Renfri Vellga,Renfri
The Last Wish,Roach,Roach
The Last Wish,Roderick de Novembre,Roderick
The Last Wish,Roegner of Ebbing,Roegner
The Last Wish,Rulle Asper,Rulle
The Last Wish,Rumplestelt,Rumplestelt
The Last Wish,Sancia of Sodden,Sancia
The Last Wish,Segelin,Segelin
The Last Wish,Seven gnomes,Seven
The Last Wish,Silvena,Silvena
The Last Wish,Slow,Slow
The Last Wish,Stregobor,Stregobor
The Last Wish,Supree,Supree
The Last Wish,Tavik,Tavik
The Last Wish,The Last Wish minor characters,The
The Last Wish,Tinglant,Tinglant
The Last Wish,Torque,Torque
The Last Wish,Toruviel,Toruviel
The Last Wish,Treska,Treska
The Last Wish,Trigla,Trigla
The Last Wish,Triss Merigold,Triss
The Last Wish,Valdo Marx,Valdo
The Last Wish,Vanadain,Vanadain
The Last Wish,Velerad,Velerad
The Last Wish,Venimira,Venimira
The Last Wish,Vereena,Vereena
The Last Wish,Vesemir,Vesemir
The Last Wish,Virginia,Virginia
The Last Wish,Vissegerd,Vissegerd
The Last Wish,Vizimir II,Vizimir
The Last Wish,Vratimir,Vratimir
The Last Wish,Vridank,Vridank
The Last Wish,Vyr,Vyr
The Last Wish,Warder,Warder
The Last Wish,Wieldhill,Wieldhill
The Last Wish,Windhalm of Attre,Windhalm
The Last Wish,Yennefer of Vengerberg,Yennefer
The Last Wish,Zatret Voruta,Zatret
The Last Wish,Zavist,Zavist
The Last Wish,Zivelina,Zivelina
Sword of Destiny,Agloval,Agloval
Sword of Destiny,Akeretta,Akeretta
Sword of Destiny,Alvina,Alvina
Sword of Destiny,Arno Hardbottom,Arno
Sword of Destiny,Artaud Terranova,Artaud
Sword of Destiny,Atlan Kerk,Atlan
Sword of Destiny,Axel Esparza,Axel
Sword of Destiny,Beady-eyes,Beady
Sword of Destiny,Begonia Biberveldt,Begonia
Sword of Destiny,Boholt,Boholt
Sword of Destiny,Braenn,Braenn
Sword of Destiny,Brick,Brick
Sword of Destiny,Budibog,Budibog
Sword of Destiny,Chappelle,Chappelle
Sword of Destiny,Ciri,Ciri
Sword of Destiny,Crinfrid Reavers,Crinfrid
Sword of Destiny,Cynthia (ballad subject),Cynthia
Sword of Destiny,Dagobert,Dagobert
Sword of Destiny,Dainty Biberveldt,Dainty
Sword of Destiny,Dalia,Dalia
Sword of Destiny,Detchka,Detchka
Sword of Destiny,Dorregaray,Dorregaray
Sword of Destiny,Drunken ferryman,Drunken
Sword of Destiny,Dudu,Dudu
Sword of Destiny,Dunca,Dunca
Sword of Destiny,Ebbing quadruplets,Ebbing
Sword of Destiny,Eithné,Eithné
Sword of Destiny,Ekkehard of Sodden,Ekkehard
Sword of Destiny,Eliza,Eliza
Sword of Destiny,Ervyll,Ervyll
Sword of Destiny,Essi Daven,Essi
Sword of Destiny,Eyck of Denesle,Eyck
Sword of Destiny,Fercart,Fercart
Sword of Destiny,Freixenet,Freixenet
Sword of Destiny,Gar,Gar
Sword of Destiny,Gardenia Biberveldt,Gardenia
Sword of Destiny,Gaspard Drouhard,Gaspard
Sword of Destiny,Goldencheeks,Goldencheeks
Sword of Destiny,Gorazd,Gorazd
Sword of Destiny,Gritzi,Gritzi
Sword of Destiny,Gyllenstiern,Gyllenstiern
Sword of Destiny,Herbolth,Herbolth
Sword of Destiny,Istredd,Istredd
Sword of Destiny,Ivo Mirce,Ivo
Sword of Destiny,Joachim Schwann,Joachim
Sword of Destiny,Juan Pablo Vassermiller,Juan
Sword of Destiny,Junghans,Junghans
Sword of Destiny,Kennet,Kennet
Sword of Destiny,Kistrin,Kistrin
Sword of Destiny,Kreve,Kreve
Sword of Destiny,Lawdbor,Lawdbor
Sword of Destiny,Levecque,Levecque
Sword of Destiny,Lucas Corto,Lucas
Sword of Destiny,Lytta Neyd,Lytta
Sword of Destiny,Marck,Marck
Sword of Destiny,Mestvin,Mestvin
Sword of Destiny,Mitzi,Mitzi
Sword of Destiny,Morénn,Morénn
Sword of Destiny,Muskrat,Muskrat
Sword of Destiny,Myrgtabrakke,Myrgtabrakke
Sword of Destiny,Nadbor,Nadbor
Sword of Destiny,Nelumbo,Nelumbo
Sword of Destiny,Niedamir,Niedamir
Sword of Destiny,Paulie Dahlberg,Paulie
Sword of Destiny,Podveyka,Podveyka
Sword of Destiny,Pokvit,Pokvit
Sword of Destiny,Putzi,Putzi
Sword of Destiny,Radcliffe,Radcliffe
Sword of Destiny,Regan Dahlberg,Regan
Sword of Destiny,Rhundurin,Rhundurin
Sword of Destiny,Rhyd,Rhyd
Sword of Destiny,Roedskilde,Roedskilde
Sword of Destiny,Sabrina Glevissig,Sabrina
Sword of Destiny,Sambuk,Sambuk
Sword of Destiny,Sh'eenaz,Sh
Sword of Destiny,Sheepbagger,Sheepbagger
Sword of Destiny,Sirssa,Sirssa
Sword of Destiny,Sorrel,Sorrel
Sword of Destiny,Stefan Skellen,Stefan
Sword of Destiny,Sulik,Sulik
Sword of Destiny,Sulimir,Sulimir
Sword of Destiny,Sword of Destiny minor characters,Sword
Sword of Destiny,Teleri Drouhard,Teleri
Sword of Destiny,Ther Lukokian,Ther
Sword of Destiny,Téa,Téa
Sword of Destiny,Vanda,Vanda
Sword of Destiny,Vanielle,Vanielle
Sword of Destiny,Vell,Vell
Sword of Destiny,Venzlav,Venzlav
Sword of Destiny,Vertvern,Vertvern
Sword of Destiny,Vespula,Vespula
Sword of Destiny,Veverka,Veverka
Sword of Destiny,Villentretenmerth,Villentretenmerth
Sword of Destiny,Vimme Vivaldi,Vimme
Sword of Destiny,Viraxas,Viraxas
Sword of Destiny,Visenna,Visenna
Sword of Destiny,Voymir (knight),Voymir
Sword of Destiny,Véa,Véa
Sword of Destiny,Xavier Moran,Xavier
Sword of Destiny,Yannick Brass,Yannick
Sword of Destiny,Yarpen Zigrin,Yarpen
Sword of Destiny,Yoël Grethen,Yoël
Sword of Destiny,Yurga,Yurga
Sword of Destiny,Zelest,Zelest
Blood of Elves,Blood of Elves minor characters,Blood
Blood of Elves,Abrad the Old Oak,Abrad
Blood of Elves,Aelirenn,Aelirenn
Blood of Elves,Agnes of Glanville,Agnes
Blood of Elves,Anna Tiller,Anna
Blood of Elves,Anséis,Anséis
Blood of Elves,Boatbug,Boatbug
Blood of Elves,Boratek,Boratek
Blood of Elves,Bronibor,Bronibor
Blood of Elves,Cahir Mawr Dyffryn aep Ceallach,Cahir
Blood of Elves,Carduin,Carduin
Blood of Elves,Carla Demetia Crest,Carla
Blood of Elves,Coën,Coën
Blood of Elves,Demavend III,Demavend
Blood of Elves,Donimir of Troy,Donimir
Blood of Elves,Duke de Ruyter,Duke
Blood of Elves,Edmund Bumbler,Edmund
Blood of Elves,Esterad Thyssen,Esterad
Blood of Elves,Eurneid,Eurneid
Blood of Elves,Everett,Everett
Blood of Elves,Flavius Michelet,Flavius
Blood of Elves,Francesca Findabair,Francesca
Blood of Elves,Gerhart of Aelle,Gerhart
Blood of Elves,Giambattista,Giambattista
Blood of Elves,Griffin of Temeria,Griffin
Blood of Elves,Gruzila,Gruzila
Blood of Elves,Henselt,Henselt
Blood of Elves,Hrosvitha,Hrosvitha
Blood of Elves,Iola the Second,Iola
Blood of Elves,Ironware,Ironware
Blood of Elves,Ithlinne,Ithlinne
Blood of Elves,Ivo Richert,Ivo
Blood of Elves,Jan Bekker,Jan
Blood of Elves,Jarre,Jarre
Blood of Elves,Katje,Katje
Blood of Elves,Keira Metz,Keira
Blood of Elves,Lambert,Lambert
Blood of Elves,Linus Pitt,Linus
Blood of Elves,Lodovico Michelet,Lodovico
Blood of Elves,Lydia van Bredevoort,Lydia
Blood of Elves,Mama Lantieri,Mama
Blood of Elves,Maria Louisa La Valette,Maria
Blood of Elves,Marquis La Creahme,Marquis
Blood of Elves,Menno Coehoorn,Menno
Blood of Elves,Meve,Meve
Blood of Elves,Michelet brothers,Michelet
Blood of Elves,Milan Raupenneck,Milan
Blood of Elves,Myhrman,Myhrman
Blood of Elves,Myrrha,Myrrha
Blood of Elves,Nicodemus de Boot,Nicodemus
Blood of Elves,Old Baron La Valette,Old
Blood of Elves,Olsen,Olsen
Blood of Elves,Ori Reuven,Ori
Blood of Elves,Pelligram,Pelligram
Blood of Elves,Philippa Eilhart,Philippa
Blood of Elves,Radovid I,Radovid
Blood of Elves,Radovid III,Radovid
Blood of Elves,Rayla,Rayla
Blood of Elves,Reginald,Reginald
Blood of Elves,Rience,Rience
Blood of Elves,Rizzi Michelet,Rizzi
Blood of Elves,Schrader,Schrader
Blood of Elves,Shani,Shani
Blood of Elves,Sheldon Skaggs,Sheldon
Blood of Elves,Sigismund Dijkstra,Sigismund
Blood of Elves,Stran,Stran
Blood of Elves,Tissaia de Vries,Tissaia
Blood of Elves,Toublanc Michelet,Toublanc
Blood of Elves,Unist,Unist
Blood of Elves,Vera Loewenhaupt,Vera
Blood of Elves,Vilfrid Wenck,Vilfrid
Blood of Elves,Vilgefortz,Vilgefortz
Blood of Elves,Villem,Villem
Blood of Elves,Virfuril,Virfuril
Blood of Elves,Vitek,Vitek
Blood of Elves,Wolfgang Amadeus Goatbeard,Wolfgang
Blood of Elves,Zyvik,Zyvik
Time of Contempt,Abdank,Abdank
Time of Contempt,Aine Dermott,Aine
Time of Contempt,Akerspaark's children,Akerspaark
Time of Contempt,Alia Akerspaark,Alia
Time of Contempt,Aplegatt,Aplegatt
Time of Contempt,April Wenhaver,April
Time of Contempt,Ardal aep Dahy,Ardal
Time of Contempt,Argentina Akerspaark,Argentina
Time of Contempt,Asse,Asse
Time of Contempt,Audegast,Audegast
Time of Contempt,Augusta Wagner,Augusta
Time of Contempt,Aurora Henson,Aurora
Time of Contempt,Bernie Hofmeier,Bernie
Time of Contempt,Bianca d'Este,Bianca
Time of Contempt,Blaise,Blaise
Time of Contempt,Blue Knight,Blue
Time of Contempt,Bode,Bode
Time of Contempt,Cairbre aep Diared,Cairbre
Time of Contempt,Ceallach aep Gruffyd,Ceallach
Time of Contempt,Cinia Hofmeier,Cinia
Time of Contempt,Cirilla Fiona (imposter),Cirilla
Time of Contempt,Clara aep Gwydolyn Gor,Clara
Time of Contempt,Codringher,Codringher
Time of Contempt,Cregennan of Lod,Cregennan
Time of Contempt,Dagorad,Dagorad
Time of Contempt,Dervla Tryffin Broinne,Dervla
Time of Contempt,Detmold,Detmold
Time of Contempt,Digod,Digod
Time of Contempt,Drithelm,Drithelm
Time of Contempt,Effenberg,Effenberg
Time of Contempt,Elan Trahe,Elan
Time of Contempt,Elen of Kaedwen,Elen
Time of Contempt,Eredin Bréacc Glas,Eredin
Time of Contempt,Ettariel,Ettariel
Time of Contempt,Evan Helvet,Evan
Time of Contempt,Fabio Sachs,Fabio
Time of Contempt,Fabio Sachs (senior),Fabio
Time of Contempt,Falka,Falka
Time of Contempt,Falka (alias),Falka
Time of Contempt,Fauve,Fauve
Time of Contempt,Fiona,Fiona
Time of Contempt,Flourens Delannoy,Flourens
Time of Contempt,Franklin Hofmeier,Franklin
Time of Contempt,Giselher,Giselher
Time of Contempt,Gonzalez Akerspaark,Gonzalez
Time of Contempt,Gorm Akerspaark,Gorm
Time of Contempt,Hansom,Hansom
Time of Contempt,Hedwig of Malleore,Hedwig
Time of Contempt,Heimo Kantor,Heimo
Time of Contempt,Horm Akerspaark,Horm
Time of Contempt,Hoët,Hoët
Time of Contempt,Hrafnir,Hrafnir
Time of Contempt,Hugo Ansbach,Hugo
Time of Contempt,Ihuarraquax,Ihuarraquax
Time of Contempt,Ilona Laux-Antille,Ilona
Time of Contempt,Immanuel Benavent,Immanuel
Time of Contempt,Iskra,Iskra
Time of Contempt,Jacob Fenn,Jacob
Time of Contempt,Jada Glevissig,Jada
Time of Contempt,Jan Calveit,Jan
Time of Contempt,Joachim de Wett,Joachim
Time of Contempt,Justin Ingvar,Justin
Time of Contempt,Kayleigh,Kayleigh
Time of Contempt,King of the Wild Hunt,King
Time of Contempt,Klara Larissa de Winter,Klara
Time of Contempt,Korin,Korin
Time of Contempt,Kraska,Kraska
Time of Contempt,Lara Dorren,Lara
Time of Contempt,Lars,Lars
Time of Contempt,Leila,Leila
Time of Contempt,Leticia Charbonneau,Leticia
Time of Contempt,Little Yaxa,Little
Time of Contempt,Lutz,Lutz
Time of Contempt,Malvina Akerspaark,Malvina
Time of Contempt,Mansfeld,Mansfeld
Time of Contempt,Marder,Marder
Time of Contempt,Margarita Laux-Antille,Margarita
Time of Contempt,Markus Braibant,Markus
Time of Contempt,Marquard,Marquard
Time of Contempt,Marti Södergren,Marti
Time of Contempt,Michael Glomb,Michael
Time of Contempt,Millet,Millet
Time of Contempt,Milva,Milva
Time of Contempt,Mistle,Mistle
Time of Contempt,Molnar Giancardi,Molnar
Time of Contempt,Morvran Voorhis,Morvran
Time of Contempt,Nazarian,Nazarian
Time of Contempt,Nina Akerspaark,Nina
Time of Contempt,Nina Fioravanti,Nina
Time of Contempt,Nitert,Nitert
Time of Contempt,Nora Wagner,Nora
Time of Contempt,Orm Akerspaark,Orm
Time of Contempt,Paulina Akerspaark,Paulina
Time of Contempt,Pegasus,Pegasus
Time of Contempt,Peter Evertsen,Peter
Time of Contempt,Petunia Hofmeier,Petunia
Time of Contempt,Pitcairn Godyvron,Pitcairn
Time of Contempt,Radmir,Radmir
Time of Contempt,Raffard the White,Raffard
Time of Contempt,Ralf Blunden,Ralf
Time of Contempt,Ransant Alvaro,Ransant
Time of Contempt,Reef,Reef
Time of Contempt,Rejean,Rejean
Time of Contempt,Remiz,Remiz
Time of Contempt,Rudiger,Rudiger
Time of Contempt,Schirrú,Schirrú
Time of Contempt,Sir Sweers,Sir
Time of Contempt,Skomlik,Skomlik
Time of Contempt,Stahler,Stahler
Time of Contempt,Stella Congreve,Stella
Time of Contempt,Talbot,Talbot
Time of Contempt,Tangerinka Hofmeier,Tangerinka
Time of Contempt,Torm Akerspaark,Torm
Time of Contempt,Two Tusks,Two
Time of Contempt,Valia Akerspaark,Valia
Time of Contempt,Vattier de Rideaux,Vattier
Time of Contempt,Vercta,Vercta
Time of Contempt,Villis,Villis
Time of Contempt,Voymir (Redanian),Voymir
Time of Contempt,Wilfli,Wilfli
Time of Contempt,Willemer,Willemer
Time of Contempt,Xarthisius,Xarthisius
Time of Contempt,Yaevinn,Yaevinn
Time of Contempt,Yanna of Murivel,Yanna
Time of Contempt,Yiolenta Suarez,Yiolenta
Baptism of Fire,Adalia,Adalia
Baptism of Fire,Adela,Adela
Baptism of Fire,Aevenien,Aevenien
Baptism of Fire,Aglaïs,Aglaïs
Baptism of Fire,Albrich,Albrich
Baptism of Fire,Amavet,Amavet
Baptism of Fire,Angus Bri Cri,Angus
Baptism of Fire,Anna Kameny,Anna
Baptism of Fire,Anzelm Aubry,Anzelm
Baptism of Fire,Assire var Anahid,Assire
Baptism of Fire,Aubry (first born),Aubry
Baptism of Fire,Baron of Casadei,Baron
Baptism of Fire,Beatrix of Kovir,Beatrix
Baptism of Fire,Bronik,Bronik
Baptism of Fire,Brouver Hoog,Brouver
Baptism of Fire,Caleb Stratton,Caleb
Baptism of Fire,Ciaran aep Dearbh,Ciaran
Baptism of Fire,Coinneach Dá Reo,Coinneach
Baptism of Fire,Connor,Connor
Baptism of Fire,Coram I,Coram
Baptism of Fire,Coram II,Coram
Baptism of Fire,Corbett,Corbett
Baptism of Fire,Cosmo Baldenvegg,Cosmo
Baptism of Fire,Count Lanier,Count
Baptism of Fire,Crispin,Crispin
Baptism of Fire,Daniel Etcheverry,Daniel
Baptism of Fire,Echel Traighlethan,Echel
Baptism of Fire,Emiel Regis Rohellec Terzieff-Godefroy,Emiel
Baptism of Fire,Field Marshal Windbag,Field
Baptism of Fire,Figgis Merluzzo,Figgis
Baptism of Fire,Fringilla Vigo,Fringilla
Baptism of Fire,Goidemar,Goidemar
Baptism of Fire,Havekar,Havekar
Baptism of Fire,Hector Laabs,Hector
Baptism of Fire,Houtborg triplets,Houtborg
Baptism of Fire,Ida Emean aep Sivney,Ida
Baptism of Fire,Iorweth,Iorweth
Baptism of Fire,Isengrim Faoiltiarna,Isengrim
Baptism of Fire,Jan Lennep,Jan
Baptism of Fire,Jan Struycken,Jan
Baptism of Fire,Jolie Lanier,Jolie
Baptism of Fire,Kolda,Kolda
Baptism of Fire,Leo Bonhart,Leo
Baptism of Fire,Lucretia Vigo,Lucretia
Baptism of Fire,Merlin,Merlin
Baptism of Fire,Milenka,Milenka
Baptism of Fire,Morteisen,Morteisen
Baptism of Fire,Munro Bruys,Munro
Baptism of Fire,Muriel,Muriel
Baptism of Fire,Mykitka,Mykitka
Baptism of Fire,Nimue verch Wledyr ap Gwyn,Nimue
Baptism of Fire,Orla,Orla
Baptism of Fire,Papebrock,Papebrock
Baptism of Fire,Percival Schuttenbach,Percival
Baptism of Fire,Pinto,Pinto
Baptism of Fire,Radovid V,Radovid
Baptism of Fire,Reynard Odo,Reynard
Baptism of Fire,Riannon,Riannon
Baptism of Fire,Riordain,Riordain
Baptism of Fire,Robert of Garramone,Robert
Baptism of Fire,Roger Kameny,Roger
Baptism of Fire,Servadio,Servadio
Baptism of Fire,Sheala de Tancarville,Sheala
Baptism of Fire,Shilard Fitz-Oesterlen,Shilard
Baptism of Fire,Sievers,Sievers
Baptism of Fire,Silvester Bugiardo,Silvester
Baptism of Fire,Simlas Finn aep Dabairr,Simlas
Baptism of Fire,Stribog,Stribog
Baptism of Fire,Stucco Zangenis,Stucco
Baptism of Fire,Tugdual,Tugdual
Baptism of Fire,Tuzik,Tuzik
Baptism of Fire,Vascoigne,Vascoigne
Baptism of Fire,Vreemde,Vreemde
Baptism of Fire,Yazon Varda,Yazon
Baptism of Fire,Zgarba,Zgarba
Baptism of Fire,Zoltan Chivay,Zoltan
The Tower of the Swallow,Adam Pangratt,Adam
The Tower of the Swallow,Aideen,Aideen
The Tower of the Swallow,Almavera,Almavera
The Tower of the Swallow,Amaranth,Amaranth
The Tower of the Swallow,Ambassador de Ruyter,Ambassador
The Tower of the Swallow,Andres Vierny,Andres
The Tower of the Swallow,Angoulême,Angoulême
The Tower of the Swallow,Anna Henrietta,Anna
The Tower of the Swallow,Aristide Vermuellen,Aristide
The Tower of the Swallow,Asa Thjazi,Asa
The Tower of the Swallow,Avallac'h,Avallac
The Tower of the Swallow,Benda,Benda
The Tower of the Swallow,Bert Brigden,Bert
The Tower of the Swallow,Big Lothar,Big
The Tower of the Swallow,Billy Goat (digger),Billy
The Tower of the Swallow,Blanka,Blanka
The Tower of the Swallow,Boreas Mun,Boreas
The Tower of the Swallow,Bucephalus,Bucephalus
The Tower of the Swallow,Buyvid Backhuysen,Buyvid
The Tower of the Swallow,Carthia van Canten,Carthia
The Tower of the Swallow,Chloe Stitz,Chloe
The Tower of the Swallow,Cyprian Fripp the elder,Cyprian
The Tower of the Swallow,Cyprian Fripp the younger,Cyprian
The Tower of the Swallow,D'Arvy,D
The Tower of the Swallow,Dacre Silifant,Dacre
The Tower of the Swallow,Debora,Debora
The Tower of the Swallow,Declan Ros aep Maelchlad,Declan
The Tower of the Swallow,Dede Vargas,Dede
The Tower of the Swallow,Dominik Bombastus Houvenaghel,Dominik
The Tower of the Swallow,Draakul,Draakul
The Tower of the Swallow,Dufficey Kriel,Dufficey
The Tower of the Swallow,Esterhazy,Esterhazy
The Tower of the Swallow,Esteril Thyssen,Esteril
The Tower of the Swallow,Fergus var Emreis,Fergus
The Tower of the Swallow,Fulko Artevelde,Fulko
The Tower of the Swallow,Gabriel (person),Gabriel
The Tower of the Swallow,Gaudemunda Thyssen,Gaudemunda
The Tower of the Swallow,Gedovius Troyden,Gedovius
The Tower of the Swallow,Gemma,Gemma
The Tower of the Swallow,Gerard Troyden,Gerard
The Tower of the Swallow,Golan Drozdeck,Golan
The Tower of the Swallow,Gosta,Gosta
The Tower of the Swallow,Goulue,Goulue
The Tower of the Swallow,Guiscard Vermuellen,Guiscard
The Tower of the Swallow,Guthlaf,Guthlaf
The Tower of the Swallow,Hjalmar an Craite,Hjalmar
The Tower of the Swallow,Homer Straggen,Homer
The Tower of the Swallow,Horsehide,Horsehide
The Tower of the Swallow,Hotspurn,Hotspurn
The Tower of the Swallow,Jan Cronin,Jan
The Tower of the Swallow,Jediah Mekesser,Jediah
The Tower of the Swallow,Joanna Selborne,Joanna
The Tower of the Swallow,Juan Gutierrez,Juan
The Tower of the Swallow,Julia Abatemarco,Julia
The Tower of the Swallow,Kabernik Turent,Kabernik
The Tower of the Swallow,Kamil Ronstetter,Kamil
The Tower of the Swallow,Kaveri,Kaveri
The Tower of the Swallow,Kelpie (horse),Kelpie
The Tower of the Swallow,Kohut,Kohut
The Tower of the Swallow,Lady de Lisemore,Lady
The Tower of the Swallow,Lorenzo Molla,Lorenzo
The Tower of the Swallow,Marie de Mercey,Marie
The Tower of the Swallow,Marquis de Mercey,Marquis
The Tower of the Swallow,Matilda de Nementh-Uyvar,Matilda
The Tower of the Swallow,Matted Hair,Matted
The Tower of the Swallow,Mawr var Anahid,Mawr
The Tower of the Swallow,Michael de Noailles,Michael
The Tower of the Swallow,Milo Vanderbeck,Milo
The Tower of the Swallow,Milton de Peyrac-Peyran,Milton
The Tower of the Swallow,Muchomorek,Muchomorek
The Tower of the Swallow,Neratin Ceka,Neratin
The Tower of the Swallow,Novosad,Novosad
The Tower of the Swallow,Nycklar,Nycklar
The Tower of the Swallow,Ola Harsheim,Ola
The Tower of the Swallow,Pennycuick,Pennycuick
The Tower of the Swallow,Prine,Prine
The Tower of the Swallow,Raymund,Raymund
The Tower of the Swallow,Reynart de Bois-Fresnes,Reynart
The Tower of the Swallow,Rispat La Pointe,Rispat
The Tower of the Swallow,Rupert (The Tower of the Swallow),Rupert
The Tower of the Swallow,Scarra sisters,Scarra
The Tower of the Swallow,Schliemann,Schliemann
The Tower of the Swallow,Sigrdrifa,Sigrdrifa
The Tower of the Swallow,Stavro,Stavro
The Tower of the Swallow,Stigward,Stigward
The Tower of the Swallow,Surcratasse,Surcratasse
The Tower of the Swallow,Sven (Guthlaf's father),Sven
The Tower of the Swallow,Tankred Thyssen,Tankred
The Tower of the Swallow,Til Echrade,Til
The Tower of the Swallow,Torres var Emreis,Torres
The Tower of the Swallow,Troyden,Troyden
The Tower of the Swallow,Valdez,Valdez
The Tower of the Swallow,Vysogota of Corvo,Vysogota
The Tower of the Swallow,Walter Beda,Walter
The Tower of the Swallow,Weasel,Weasel
The Tower of the Swallow,Windsor Imbra,Windsor
The Tower of the Swallow,Yirrel,Yirrel
The Tower of the Swallow,Yuz Jannowitz,Yuz
The Tower of the Swallow,Zdyb,Zdyb
The Tower of the Swallow,Zuleyka,Zuleyka
The Lady of the Lake,Aarhenius Krantz,Aarhenius
The Lady of the Lake,Abonde,Abonde
The Lady of the Lake,Adela Marta,Adela
The Lady of the Lake,Aillil Mawr Dyffryn aep Ceallach,Aillil
The Lady of the Lake,Albert Solpietra,Albert
The Lady of the Lake,Alcides Fierabras,Alcides
The Lady of the Lake,Aloë Hildebrandt,Aloë
The Lady of the Lake,Amadis de Trastamara,Amadis
The Lady of the Lake,Andy Biberveldt,Andy
The Lady of the Lake,Aristoteles Bobeck,Aristoteles
The Lady of the Lake,Artorius Vigo,Artorius
The Lady of the Lake,Auberon Muircetach,Auberon
The Lady of the Lake,Aubry (second born),Aubry
The Lady of the Lake,Barclay Els,Barclay
The Lady of the Lake,Berengar Leuvaarden,Berengar
The Lady of the Lake,Bertram Skellen,Bertram
The Lady of the Lake,Blasco Grant,Blasco
The Lady of the Lake,Blenheim Blenckert,Blenheim
The Lady of the Lake,Braathens,Braathens
The Lady of the Lake,Carolina Roberta,Carolina
The Lady of the Lake,Cedric (king),Cedric
The Lady of the Lake,Chevron Knight,Chevron
The Lady of the Lake,Cinead var Anahid,Cinead
The Lady of the Lake,Ciri (Jarre's granddaughter),Ciri
The Lady of the Lake,Condwiramurs Tilly,Condwiramurs
The Lady of the Lake,Count Broinne,Count
The Lady of the Lake,Count de Ruyter,Count
The Lady of the Lake,Cyrus Engelkind Hemmelfart,Cyrus
The Lady of the Lake,Deuslax,Deuslax
The Lady of the Lake,Devlin aep Meara,Devlin
The Lady of the Lake,Dheran Mawr Dyffryn aep Ceallach,Dheran
The Lady of the Lake,Didi Hofmeier,Didi
The Lady of the Lake,Dyffryn,Dyffryn
The Lady of the Lake,Elkana Foster,Elkana
The Lady of the Lake,Emmerich Gottschalk,Emmerich
The Lady of the Lake,Eudora Breckenriggs,Eudora
The Lady of the Lake,Evangelina Parr,Evangelina
The Lady of the Lake,Eviva var Anahid,Eviva
The Lady of the Lake,Fisher King (lover of Nimue),Fisher
The Lady of the Lake,Fitz-Oesterlen (cadet),Fitz
The Lady of the Lake,Forest Gramps,Forest
The Lady of the Lake,Fuson,Fuson
The Lady of the Lake,Galahad,Galahad
The Lady of the Lake,Gardik,Gardik
The Lady of the Lake,Gefreiter Corncrake,Gefreiter
The Lady of the Lake,Gruffyd,Gruffyd
The Lady of the Lake,Guy de Bois-Fresnes,Guy
The Lady of the Lake,Hamilcar Danza,Hamilcar
The Lady of the Lake,Holofernes Hofmeier,Holofernes
The Lady of the Lake,Impatientia Vanderbeck,Impatientia
The Lady of the Lake,Incarvilia Hildebrandt,Incarvilia
The Lady of the Lake,Istvan Igalffy,Istvan
The Lady of the Lake,Jacqueline,Jacqueline
The Lady of the Lake,Jan Natalis,Jan
The Lady of the Lake,Jean Catillon,Jean
The Lady of the Lake,Jean La Voisier,Jean
The Lady of the Lake,John of Attre,John
The Lady of the Lake,Kees van Lo,Kees
The Lady of the Lake,Klaproth,Klaproth
The Lady of the Lake,Kobus de Ruyter,Kobus
The Lady of the Lake,Lamarr Flaut,Lamarr
The Lady of the Lake,Leon Oppenhauser,Leon
The Lady of the Lake,Liam aep Muir Moss,Liam
The Lady of the Lake,Lucienne,Lucienne
The Lady of the Lake,Malatesta,Malatesta
The Lady of the Lake,Melfi,Melfi
The Lady of the Lake,Milton,Milton
The Lady of the Lake,Nadia Esposito,Nadia
The Lady of the Lake,Natanis,Natanis
The Lady of the Lake,Notturna,Notturna
The Lady of the Lake,Ograbek,Ograbek
The Lady of the Lake,Okultich,Okultich
The Lady of the Lake,Orestes Kopps,Orestes
The Lady of the Lake,Otto de Congreve,Otto
The Lady of the Lake,Ouder de Wyngalt,Ouder
The Lady of the Lake,Palmerin de Launfal,Palmerin
The Lady of the Lake,Peter Faramond,Peter
The Lady of the Lake,Petunia Hildebrandt,Petunia
The Lady of the Lake,Pike (person),Pike
The Lady of the Lake,Prince Voorhis,Prince
The Lady of the Lake,Puttkammer,Puttkammer
The Lady of the Lake,Ramon Tyrconnel,Ramon
Season of Storms,Abner de Navarette,Abner
Season of Storms,Addarion Bach,Addarion
Season of Storms,Aguara,Aguara
Season of Storms,Aileach Mor-Dhu,Aileach
Season of Storms,Albert Smulka,Albert
Season of Storms,Algernon Guincamp,Algernon
Season of Storms,Alzur,Alzur
Season of Storms,Antea Derris,Antea
Season of Storms,Bang,Bang
Season of Storms,Belohun,Belohun
Season of Storms,Biruta Icarti,Biruta
Season of Storms,Brehen,Brehen
Season of Storms,Briana de Sepulveda,Briana
Season of Storms,Bue,Bue
Season of Storms,Colonel de Santis,Colonel
Season of Storms,Coppenrath,Coppenrath
Season of Storms,Cosimo Malaspina,Cosimo
Season of Storms,Drofuss,Drofuss
Season of Storms,Edwina,Edwina
Season of Storms,Egmund,Egmund
Season of Storms,Elmer,Elmer
Season of Storms,Escayrac,Escayrac
Season of Storms,Febus Ravenga,Febus
Season of Storms,Ferrant de Lettenhove,Ferrant
Season of Storms,Floquet,Floquet
Season of Storms,Frans Torquil,Frans
Season of Storms,Gonschorek,Gonschorek
Season of Storms,Harlan Tzara,Harlan
Season of Storms,Horvath,Horvath
Season of Storms,Idarran of Ulivo,Idarran
Season of Storms,Ildiko Breckl,Ildiko
Season of Storms,Jacob de Sepulveda,Jacob
Season of Storms,Javil Fysh,Javil
Season of Storms,Jerosa Fuerte,Jerosa
Season of Storms,Jonas,Jonas
Season of Storms,Kevenard van Vliet,Kevenard
Season of Storms,Ligenza,Ligenza
Season of Storms,Lindenbrog,Lindenbrog
Season of Storms,Maximilian Borsodi,Maximilian
Season of Storms,Maximilian Borsodi's brother,Maximilian
Season of Storms,Messer Luppi,Messer
Season of Storms,Mikita,Mikita
Season of Storms,Mozaïk,Mozaïk
Season of Storms,Myles Trethevey,Myles
Season of Storms,Narses de la Roche,Narses
Season of Storms,Nikefor Muus,Nikefor
Season of Storms,Nino Cianfanelli,Nino
Season of Storms,Ohnesorg,Ohnesorg
Season of Storms,Ortolan,Ortolan
Season of Storms,Osmyk,Osmyk
Season of Storms,Otto Dussart,Otto
Season of Storms,Pandolfo Forteguerra,Pandolfo
Season of Storms,Parlaghy,Parlaghy
Season of Storms,Pastor,Pastor
Season of Storms,Petru Cobbin,Petru
Season of Storms,Prochaska,Prochaska
Season of Storms,Prospero Basti,Prospero
Season of Storms,Pudlorak,Pudlorak
Season of Storms,Pyral Pratt,Pyral
Season of Storms,Richter,Richter
Season of Storms,Ropp,Ropp
Season of Storms,Samsa,Samsa
Season of Storms,Shevlov,Shevlov
Season of Storms,Sorel Degerlund,Sorel
Season of Storms,Tarp,Tarp
Season of Storms,Tarvix Sandoval,Tarvix
Season of Storms,Tiziana Frevi,Tiziana
Season of Storms,Tonton Zroga,Tonton
Season of Storms,Trent,Trent
Season of Storms,Tukaj,Tukaj
Season of Storms,Tverdoruk,Tverdoruk
Season of Storms,Videmont,Videmont
Season of Storms,Violetta,Violetta
Season of Storms,Vorsterkranz,Vorsterkranz
Season of Storms,Wledyr,Wledyr
Season of Storms,Xander,Xander
Season of Storms,Xymena de Sepulveda,Xymena
Season of Storms,Yan Malkin,Yan
